"","A..4.."
"1","Canada"
"2","South Africa"
"3","Denmark"
"4","Great Lakes:Superior, Huron, Michigan"
"5","USSR"
"6","Pakistan"
"7","Aral Sea"
"8","Italy"
"9","Nicaragua"
"10","Netherlands"
"11","Caspian Sea"
"12","Mexico"
"13","Iraq:Hawr al Hammar"
"14","Iraq"
"15","Nicaragua:Lago de Nicaragua"
"16","Lake Malawi"
"17","Ethiopia"
"18","Netherlands:IJsselmeer"
"19","USA"
"20","Mongolia"
"21","Switzerland"
"22","Cambodia"
"23","France"
"24","Papua New Guinea:Wuvulu"
"25","USA:Alaska"
"26","Guatemala"
"27","Belize"
"28","Honduras"
"29","El Salvador"
"30","Costa Rica"
"31","Panama"
"32","Colombia"
"33","Ecuador"
"34","Peru"
"35","Brazil"
"36","Bolivia"
"37","Chile"
"38","Argentina"
"39","Paraguay"
"40","Uruguay"
"41","Guyana"
"42","Suriname"
"43","French Guiana"
"44","Venezuela"
"45","Great Lakes:Ontario"
"46","Great Lakes:Erie"
"47","Lake Titicaca"
"48","USA:Point Roberts"
"49","Bolivia:Titicaca Penninsula"
"50","Guinea-Bissau:?"
"51","USSR:Ostrov Jackson"
"52","Indonesia:?"
"53","Romania"
"54","Iran"
"55","Turkey"
"56","Afghanistan"
"57","China"
"58","India"
"59","Myanmar"
"60","Nepal"
"61","Bhutan"
"62","Bangladesh"
"63","Thailand"
"64","Malaysia:Malay Penninsula"
"65","Laos"
"66","Vietnam"
"67","China:Macau"
"68","China:Hong Kong"
"69","North Korea"
"70","Hungary"
"71","Czechoslovakia"
"72","Poland"
"73","South Korea"
"74","Black Sea:Ozeros"
"75","Lake Pasvikelv"
"76","Turkey:North"
"77","Bulgaria"
"78","Yugoslavia"
"79","Greece"
"80","Albania"
"81","Austria"
"82","Lacul Greaca"
"83","Germany"
"84","Luxembourg"
"85","Belgium"
"86","Liechtenstein"
"87","Portugal"
"88","Spain"
"89","UK:Gibralter"
"90","Andorra"
"91","Monaco"
"92","Norway"
"93","Finland"
"94","Sweden"
"95","Norway:Tana"
"96","Egypt"
"97","Libya"
"98","Sudan"
"99","Chad"
"100","Tunisia"
"101","Algeria"
"102","Mali"
"103","Mauritania"
"104","Morocco"
"105","Spain:Melilla"
"106","Spain:Ceuta"
"107","Western Sahara"
"108","Senegal"
"109","Gambia"
"110","Guinea-Bissau"
"111","Guinea"
"112","Ivory Coast"
"113","Liberia"
"114","Sierra Leone"
"115","Ivory Coast:Aby Penninsula"
"116","Ghana"
"117","Burkina Faso"
"118","Niger"
"119","Benin"
"120","Togo"
"121","Nigeria"
"122","Cameroon"
"123","Central African Republic"
"124","Zaire"
"125","Congo"
"126","Gabon"
"127","Equatorial Guinea:Rio Muni"
"128","Angola:Cabinda"
"129","Uganda"
"130","Rwanda"
"131","Zambia"
"132","Angola"
"133","Burundi"
"134","Namibia"
"135","South Africa:Walvis Bay"
"136","Botswana"
"137","Mozambique"
"138","Swaziland"
"139","Zimbabwe"
"140","Malawi"
"141","Tanzania"
"142","Kenya"
"143","Somalia"
"144","Djibouti"
"145","Syria"
"146","Lebanon"
"147","Jordan"
"148","Israel"
"149","Egypt:Sinai"
"150","Gaza Strip"
"151","Saudi Arabia"
"152","Yemen"
"153","Qatar"
"154","Kuwait"
"155","Neutral Zone"
"156","Germany:Usedom"
"157","Vislinskiy Zaliv"
"158","Lake Albert"
"159","Lake Tanganyika"
"160","Lake Kariba"
"161","Lake Victoria"
"162","Oman"
"163","Oman:Ra's Musandam"
"164","United Arab Emirates"
"165","Egypt:Buheirat el Timsah"
"166","Great Bitter Lake"
"167","China:Kashmir"
"168","West Bank"
"169","Netherlands:South"
"170","Uganda:Rubafu"
"171","New Zealand:?"
"172","Thailand:?"
"173","Maldives:?"
"174","Canada:Baffin Island"
"175","Cape Verde:Sao Vicente"
"176","Indonesia:Romang"
"177","Marshall Islands:Leuen"
"178","Greece:Aiyina"
"179","Micronesia:Moen"
"180","Antarctica:?"
"181","USSR:Ostrov Bol'shoy Begichev"
"182","Australia:Prince of Wales Island"
"183","Australia:Clarke Island"
"184","Solomon Islands:Rennel"
"185","Bangladesh:?"
"186","Indonesia:Penida"
"187","Norway:Stjernoya"
"188","Venezuela:Isla de Margarita"
"189","Canada:Coats Island"
"190","Hawaii:Lisianski Island"
"191","Canada:Newfoundland"
"192","Australia:Vanderlin Island"
"193","French Polynesia:Eiao"
"194","Australia"
"195","Germany:Langeoog"
"196","Cook Islands:Rarotonga"
"197","Canada:Chapman Lewes Island:South"
"198","Nicaragua:Isla del Maiz Grande"
"199","Indonesia:Rangsang"
"200","Canada:Nootka Island"
"201","Papua New Guinea"
"202","Indonesia:Irian Jaya"
"203","Australia:Thistle Island"
"204","Indonesia:Kofiau"
"205","USSR:Ostrov Peschanyy"
"206","Canada:Tennent Island"
"207","Fiji:Nayau"
"208","USA:?"
"209","Canada:Rowley Island"
"210","Indonesia:Enggano"
"211","Saint-Barthelemy"
"212","Hawaii:Kure Atoll"
"213","Canada:Sonora Island"
"214","Cuba"
"215","USA:Guantanamo:West"
"216","USA:Guantanamo:East"
"217","Malaysia:Pinang"
"218","Malaysia:Sabatik"
"219","Indonesia:Sabatik"
"220","Philippines:Luzon"
"221","Norway:Karlsoy"
"222","Canada:Prince Edward Island"
"223","UK:Scotland:Isle of Lewis"
"224","Tunisia:Jalitah Island"
"225","Indonesia:Sipura"
"226","USSR:Ostrov Shiashkotan"
"227","Thailand:Ko Phai"
"228","Denmark:Mors"
"229","Denmark:Mon"
"230","France:Reunion Island"
"231","Maldives:?"
"232","Philippines:Mindanao"
"233","Philippines:Tawitawi"
"234","Canada:Victoria Island"
"235","Canada:Resolution Island"
"236","Greenland:Clavering O"
"237","South Sandwich Islands:Bristol Island"
"238","Bangladesh:?"
"239","Canada:Princess Royal Island"
"240","USSR:?"
"241","Antarctica"
"242","Norway:Seiland"
"243","Canada:Great Bear Lake"
"244","Guadeloupe:Grande-Terre"
"245","Japan:Haha Jima"
"246","USA:Alaska:Deer Island"
"247","Indonesia:Larat"
"248","Maldives:?"
"249","Mexico:Bahia de Navachiste Island"
"250","USA:New York:Long Island"
"251","Greenland:Jens Munk O"
"252","Marshall Islands:Wotja"
"253","Mexico:Isla de Santa Margarita"
"254","Indonesia:Sumatra"
"255","Yemen:Suqutra"
"256","Canada:Pearse Island"
"257","French Polynesia:Nuku Hiva"
"258","Micronesia:Ulul"
"259","Chile:Isla Luz"
"260","Panama:Isla del Rey"
"261","USSR:Zemlya Vilcheka"
"262","Indonesia:Matasiri"
"263","Canada:Moresby Island"
"264","Chile:Easter Island"
"265","Greenland:Geographical Society O"
"266","Marshall Islands:Ailuk Atoll"
"267","Lesotho"
"268","Lake Fjerritslev"
"269","Cape Verde:Santo Antao"
"270","Indonesia:Sulawesi"
"271","Greece:Zakinthos"
"272","Greenland:Ile de France"
"273","USSR:?"
"274","Anguilla"
"275","Philippines:Palawan"
"276","Norway:Soroya"
"277","USA:Alaska:Kagalaska Island"
"278","Nauru"
"279","Australia:Bentinck Island"
"280","USA:Drummond Island"
"281","Saint Kitts"
"282","Canada:White Island"
"283","Chile:Isla Hoste"
"284","Cape Verde:Fogo"
"285","Indonesia:Mapur"
"286","USA:Door Penninsula"
"287","Antarctica:Pourquoi Pas Island"
"288","Cape Verde:Brava"
"289","Philippines:Tablas"
"290","USA:Alaska:Akun Island"
"291","Sweden:Gotland"
"292","Philippines:Catanduanes Island"
"293","Maldives:?"
"294","Tonga:Tongatapu"
"295","Greece:Simi"
"296","USSR:Ostrov Morzhovets"
"297","Canada:Adlavik Island"
"298","Canada:Alexander Island"
"299","Denmark:Sandoy"
"300","Australia:Dirk Hartog Island"
"301","USA:Bogue Banks"
"302","Kiribati:Nikunau"
"303","Greenland:Norske Oer"
"304","Australia:Cocos Islands:South Island"
"305","Vanuatu:Vanua Lava"
"306","Chile:Isla Stosch"
"307","Greece:Milos"
"308","Canada:Opposite Island"
"309","Montserrat"
"310","Dominican Republic:Isla Saona"
"311","USSR:Lake Baikal"
"312","Greenland"
"313","Antarctica:?"
"314","Indonesia:Atauro"
"315","Myanmar:Pulo Buda"
"316","Antarctica:?"
"317","USA:Alaska:?"
"318","Indonesia:Waleabahi"
"319","New Zealand:South Island"
"320","Pakistan:Lake ?"
"321","Sardinia"
"322","Chile:Isla Humos"
"323","Japan:Sado"
"324","USSR:Ostrov Dzharylgach"
"325","Micronesia:Magur"
"326","Canada:Calvert Island"
"327","USA:Stockton Island"
"328","Canada:Mackenzie King Island"
"329","Myanmar:Saganthit Kyun"
"330","Maldives:?"
"331","USA:Alaska:Great Sitkan Island"
"332","Iceland"
"333","Greenland:?"
"334","UK:Pitcairn Island"
"335","Maldives:?"
"336","Tanzania:Zanzibar"
"337","Ethiopia:Dehalak Deset"
"338","Canada:Porcher Island"
"339","Canada:Pitt Island"
"340","Norway:Svalbard:Edgeoya"
"341","Indonesia:Tarakan"
"342","Indonesia:Tioor"
"343","Indonesia:Waar"
"344","Antarctica:Mill Island"
"345","French Polynesia:Raivavae"
"346","Sicily"
"347","Canada:Quadra Island"
"348","USA:Florida:Key Largo"
"349","Vanuatu:Aoba"
"350","Malta:Malta"
"351","India:Little Andaman Island"
"352","Fiji:Kambara Island"
"353","USA:Florida:Sanibel Island"
"354","USA:Palau:Babelthuap"
"355","Guadeloupe:Basse-Terre"
"356","Myanmar:Mali Kyun"
"357","Thailand:Ko Phangan"
"358","France:Ile de Re"
"359","Australia:Maria Island"
"360","Thailand:Ko Chang"
"361","USSR:Ostrov Neupokoyeva"
"362","Indonesia:Trangan"
"363","Indonesia:Wokam"
"364","UK:Guernsey"
"365","UK:Great Britain"
"366","Philippines:Balabac Island"
"367","USSR:Saaremaa"
"368","USSR:Aral Penninsula"
"369","Haiti:Ile de la Gonave"
"370","Ecuador:Isla Fernandina"
"371","Chile:Isla Rivero"
"372","Hawaii:Nihoa"
"373","France:Kerguelen Island"
"374","Argentina:Tierra del Fuego"
"375","Chile:Tierra del Fuego"
"376","Argentina:Tierra del Fuego:South"
"377","Madagascar:Ile Sainte-Marie"
"378","Brazil:Ilha Mututi"
"379","Chile:?"
"380","USSR:Ostrov Bennetta"
"381","Indonesia:Waigeo"
"382","Indonesia:Lepar"
"383","Papua New Guinea:Sidea"
"384","Marshall Islands:Jih"
"385","Solomon Islands:Santa Isabel"
"386","Norway:Vega"
"387","USSR:Ostrov Kotel'nyy"
"388","USA:Florida:Lower Matecumbe Key"
"389","Antarctica:Adelaide Island"
"390","Antarctica:Young Island"
"391","Chile:Isla Sala y Gomez"
"392","Indonesia:Pantar"
"393","Antarctica:Wiencke Island"
"394","Maldives:?"
"395","Tonga:Late Island"
"396","Chile:Isla Victoria"
"397","Fiji:Ovalau"
"398","Denmark:Bordoy"
"399","Chile:Isla Grande de Chiloe"
"400","Australia:Dorre Island"
"401","Sri Lanka:Delft Island"
"402","Malaysia:Bum Bum"
"403","Norway:Hareidlandet"
"404","Antarctica:Rothschild Island"
"405","Maldives:?"
"406","Canada:Lougheed Island"
"407","Norway:Svalbard:Nordaustlandet"
"408","Marshall Islands:Utirik Atoll"
"409","Philippines:Panaon"
"410","Japan:Shikoku"
"411","Fiji:Vatoa"
"412","Japan:Kakeroma Jima"
"413","Sonsorol Island"
"414","Norway:Froya"
"415","Japan:Okino Daito"
"416","Greece:Kerkira"
"417","Canada:Vancouver Island"
"418","Myanmar:Owen Island"
"419","Philippines:Cebu"
"420","Greece:Kos"
"421","USA:Louisiana:Marsh Island"
"422","Australia:West Island"
"423","Maldives:?"
"424","Norway:Andoya"
"425","Maldives:?"
"426","Antarctica:Livingston Island"
"427","Indonesia:Subi"
"428","Chile:Isla James"
"429","India:Tillanchang Dwip"
"430","Indonesia:Tidore"
"431","Kiribati:Starbuck Island"
"432","Kiribati:Kuma"
"433","Japan:Okushiri To"
"434","USSR:Hiiumaa"
"435","Australia:Kent Group Island"
"436","Antarctica:Nelson Island"
"437","Indonesia:Pagai Utara"
"438","New Caledonia:Ile Chesterfield"
"439","Cape Verde:Sal"
"440","Turks and Caicos:Grand Caicos Island"
"441","Antarctica:Siple Island"
"442","French Polynesia:Tahaa"
"443","USSR:Ostrov Vil'kitskogo"
"444","Denmark:Samso"
"445","Bahamas:Abaco Island"
"446","USSR:Ostrov Urup"
"447","USA:Alaska:Chichagof Island"
"448","Tokelau:Nukunono"
"449","Maug Island"
"450","Vietnam:Dao Vinh Thuc"
"451","Comoros:Grande Comore"
"452","Mexico:Isla Montague"
"453","Chile:Isla Nueva"
"454","Thailand:Ko Samui"
"455","Solomon Islands:Tetepare"
"456","USSR:Ostrov Ushakova"
"457","USSR:Ostrov Leont'yeva"
"458","Micronesia:Kosrae"
"459","Solomon Islands:Ke Ila"
"460","Australia:Long Island"
"461","Micronesia:Woleai"
"462","USA:Alaska:Little Tanaga Island"
"463","Maldives:?"
"464","Australia:Tasmania:Flinders Island"
"465","Fiji:Lakeba"
"466","Antarctica:Robert Island"
"467","Fiji:Yasawa"
"468","Vietnam:?"
"469","USA:Alaska:Dall Island"
"470","Norway:Hitra"
"471","Maldives:?"
"472","Antarctica:Wright Island"
"473","Turks and Caicos:North Caicos Island"
"474","Venezuela:Cayo Grande"
"475","Canada:Winter Island"
"476","Maldives:?"
"477","Pitcairn Islands:Ducie Atoll"
"478","UK:Scotland:Shetland Islands:Unst"
"479","USSR:Ostrov Sibiryakova"
"480","USSR:Ostrov Pioner"
"481","Myanmar:Clara Island"
"482","USA:Alaska:Kupreanof Island"
"483","Maldives:?"
"484","South Sandwich Islands:Thule Island"
"485","French Polynesia:Rapa"
"486","Norway:Gurskoya"
"487","USA:Alaska:Kosciusko Island"
"488","Indonesia:Siantan"
"489","Isle of Man"
"490","Kiribati:Washington Island"
"491","Canada:Redonda Island"
"492","Canada:Cornwallis Island"
"493","Vanuatu:Hiu"
"494","Canada:Richards Island"
"495","India:Bingaram Island"
"496","USA:Alabama:Dauphin Island"
"497","India:Barren Island"
"498","Papua New Guinea:New Britain"
"499","Australia:Moreton Island"
"500","Australia:Fraser Island"
"501","Mozambique:Ilha do Bazaruto"
"502","USA:Alaska:Hagemeister Island"
"503","Antarctica:Alexander Island"
"504","Saint Eustatius"
"505","India:Kadmat Island"
"506","Australia:Flinders Island"
"507","Sweden:Oland"
"508","California:Santa Catalina Island"
"509","Finland:?"
"510","Bahamas:Acklins Island"
"511","Fiji:Koro"
"512","UK:Saint Mary's"
"513","Maldives:?"
"514","UK:Scotland:Shetland Islands:Yell"
"515","French Polynesia:Ua Pu"
"516","Malaysia:Sarawak"
"517","Indonesia:Borneo"
"518","Brunei"
"519","Brunei:East"
"520","Indonesia:Laut-Natuna"
"521","Antarctica:Dean Island"
"522","New Zealand:Waiheke Island"
"523","Hawaii:Gardner Pinnacles"
"524","Vietnam:?"
"525","Australia:Saint Peter Island"
"526","Maldives:?"
"527","Solomon Islands:Kukolu"
"528","Nicaragua:Cayos Miskitos"
"529","Canada:Great Slave Lake"
"530","USSR:Lena Delta:5"
"531","Cuba:Cayo Sabinal"
"532","Andaman Islands:North Andaman"
"533","Andaman Islands:Middle Andaman"
"534","Andaman Islands:Baratang Island"
"535","Andaman Islands:South Andaman"
"536","China:Haitan Dao"
"537","USA:Washington:Orcas Island"
"538","Chile:Isle Ipun"
"539","USSR:Ostrov Bol'shevik"
"540","Maldives:?"
"541","New Caledonia:Ile Lifou"
"542","USA:Alaska:Nagai Island"
"543","Chile:Isla Gordon"
"544","Canada:Devon Island"
"545","Maldives:?"
"546","Japan:Amakusa Shoto"
"547","Venezuela:Isla La Tortuga"
"548","Maldives:?"
"549","Indonesia:Kasiui"
"550","Tonga:Niuafo'ou"
"551","Maldives:?"
"552","Australia:Three Hummock Island"
"553","Indonesia:Kai Kecil"
"554","USSR:?"
"555","USA:Madeline Island"
"556","Panama:Isla de Cebaco"
"557","Solomon Islands:Vangunu"
"558","Philippines:Suluan Island"
"559","Northern Mariana Islands:Agrihan"
"560","USSR:Amur Lake"
"561","USA:Alaska:Semisopochnoi Island"
"562","Antarctica:Newman Island"
"563","Indonesia:Bacan"
"564","Dominican Republic"
"565","Haiti"
"566","Maldives:?"
"567","UK:Northern Ireland"
"568","Ireland"
"569","Maldives:?"
"570","Canada:King William Island"
"571","USA:Alaska:Chirikof Island"
"572","Norway:Langoya"
"573","Mexico:Cayo Norte"
"574","USA:Alaska:Umak Island"
"575","USSR:Vormsi"
"576","Maldives:?"
"577","Denmark:Eysturoy"
"578","Antarctica:Snow Hill Island"
"579","Bahamas:Cat Island"
"580","Chile:Cabo Taitao"
"581","Chile:Isla Madre de Dios"
"582","Cuba:Cayo Caballones"
"583","Cook Islands:Ngake"
"584","Australia:Robbins Island"
"585","Solomon Islands:Ngella Sule"
"586","Spain:Isla de Alboran"
"587","UK:Bermuda"
"588","Nevis"
"589","Sri Lanka:Jaffna"
"590","Myanmar:Kunthi Kyun"
"591","Fiji:Yadua"
"592","Chile:Isla Melchor"
"593","Japan:Honshu"
"594","Norway:Arnoy"
"595","Indonesia:Mubur"
"596","Indonesia:Adonara"
"597","Kiribati:Butaritari"
"598","Madagascar"
"599","Canada:Prince Charles Island"
"600","USSR:?"
"601","India:Amini Island"
"602","Seychelles:Praslin"
"603","Chile:?"
"604","Greece:Evvoia"
"605","USA:Alaska:Igitkin Island"
"606","Australia:Lord Howe Island"
"607","Kiribati:Temotu"
"608","Indonesia:Bunyu"
"609","Greece:Ikaria"
"610","Tunisia:Jerba"
"611","Indonesia:Biak"
"612","Vanuatu:Maewo"
"613","USSR:Ostrov Atlasova"
"614","Papua New Guinea:Basilaki"
"615","Netherlands:Ameland"
"616","Haiti:Grande Cayemite Island"
"617","Brazil:Ilha de Sao Francisco"
"618","Solomon Islands:Luaniua"
"619","Madeira Islands:Porto Santo"
"620","USA:Alaska:Seguam Island"
"621","Cuba:Cayo Grande"
"622","Chile:Isla Clarence"
"623","Philippines:Biliran"
"624","French Polynesia:Tubuai"
"625","Chile:Isla Magdalena"
"626","Thailand:Ko Phaluai"
"627","Kiribati:Fanning Island"
"628","Ecuador:Isla Santa Maria"
"629","Solomon Islands:Barora Ite"
"630","Chile:Isla Hermite"
"631","Indonesia:Java"
"632","Kiribati:Malden Island"
"633","USSR:?"
"634","Chile:Isla San Ambrosio"
"635","USSR:Big Diomede Island"
"636","Australia:Curtis Island"
"637","Hawaii:Oahu"
"638","India:Interview Island"
"639","Greenland:?"
"640","Ecuador:Isla Isabela"
"641","Fiji:Ngau"
"642","Philippines:Bohol"
"643","Solomon Islands:Nggela Pile"
"644","Myanmar:?"
"645","Micronesia:Pulusuk"
"646","Greece:Thira"
"647","Mexico:San Lorezno Island"
"648","Solomon Islands:San Jorge Island"
"649","Chile:Isla Vidal Gormaz"
"650","Canada:Akpatok Island"
"651","Maldives:?"
"652","Solomon Islands:Barora Fa"
"653","Canada:King Christian Island"
"654","Indonesia:Num"
"655","New Zealand:?"
"656","French Polynesia:Raitea"
"657","Micronesia:Elato"
"658","USA:Alaska:Amchitka Island"
"659","Antarctica:Vega"
"660","San Marino"
"661","Canada:Ellesmere Island"
"662","Kiribati:Taboiaki"
"663","USSR:Ostrov Stolbovoy"
"664","Myanmar:Boronga Island"
"665","Micronesia:Oroluk Atoll"
"666","Finland:Halluoto"
"667","Fiji:Qamea"
"668","Cook Islands:Takutea"
"669","Myanmar:Kalegauk Island"
"670","Maldives:?"
"671","Cook Islands:Aitutaki Atoll"
"672","Greenland:?"
"673","Maldives:?"
"674","Honduras:Isla El Tigre"
"675","Chile:Isla Clemente"
"676","Chile:Isla Lennox"
"677","Philippines:?"
"678","Cuba:Cayo Largo"
"679","Philippines:Siquijor"
"680","Japan:Kyushu"
"681","USA:Florida:Vaca Key"
"682","USSR:Ostrov Komsomol'skoy Pravdy"
"683","Italy:Isola d'Elba"
"684","Fiji:Naviti"
"685","Canada:King Island"
"686","Antarctica:Berkner Island"
"687","New Caledonia:Ile Art"
"688","Papua New Guinea:Kiriwina"
"689","Greenland:?"
"690","Indonesia:Batudaka"
"691","Greece:Kefallinia"
"692","Antarctica:James Ross Island"
"693","Cuba:Isla de la Juventura"
"694","USSR:Ostrov Sakhalin"
"695","Sin Cowe Island"
"696","France:Ile aux Cochons"
"697","Brazil:Ilha Queimada"
"698","Vanuatu:Toga"
"699","Papua New Guinea:Nuguria Island"
"700","Kiribati:Sydney Island"
"701","Malaysia:Borneo"
"702","France:Ile d'Oleron"
"703","Japan:Yome Jima"
"704","French Polynesia:Fatu Hiva"
"705","USA:Alaska:Atka Island"
"706","Canada:Amund Ringnes Island"
"707","Canada:Royal Geographical Society Island:East"
"708","Antarctica:Elephant Island"
"709","Japan:Muko Jima"
"710","New Zealand:Auckland Island"
"711","USSR:Ostrov Izvestiy Tslk:West"
"712","Australia:Hunter Island"
"713","Bahamas:Crooked Island"
"714","Canada:Bray Island"
"715","Netherlands:Terschelling"
"716","USA:Alaska:Herbert Island"
"717","French Polynesia:Bora-Bora"
"718","Bahamas:Little Inagua Island"
"719","New Zealand:Bounty Island"
"720","Indonesia:Peleng"
"721","Indonesia:Nunukan Timur"
"722","Myanmar:?"
"723","Australia:North Stradbroke Island"
"724","Greece:Rodhos"
"725","Indonesia:Lombok"
"726","Papua New Guinea:Karkar"
"727","Bangladesh:?"
"728","USA:Florida:Long Key"
"729","Japan:Kume Shima"
"730","Antarctica:King George Island"
"731","Antarctica:Roosevelt Island"
"732","Indonesia:Belitung"
"733","South Sandwich Islands:Candlemas Island"
"734","USSR:Ostrov Chetyrekhstolbovoy"
"735","Philippines:Batan"
"736","UK:Tristan da Cunha Island"
"737","Tuvalu:Niutao"
"738","India:Minicoy Island"
"739","Canada:Wales Island"
"740","Northern Mariana Islands:Asuncion"
"741","Greenland:?"
"742","Canada:Prince Patrick Island"
"743","Maldives:?"
"744","Indonesia:Gam"
"745","Solomon Islands:New Georgia"
"746","Chile:Isla Duque de York"
"747","Thailand:Ko Talibong"
"748","USSR:Ostrov Zav'yalova"
"749","Thailand:Ko Ang Thong"
"750","Finland:Vallgrund"
"751","Canada:Koch Island"
"752","Antarctica:?"
"753","Chile:?"
"754","Canada:Loks Land Island"
"755","Mexico:Isla Clarion"
"756","Bangladesh:?"
"757","Paracel Islands:Passau Keah"
"758","Thailand:Ko Phuket"
"759","Micronesia:Eauripik"
"760","France:Saint-Pierre and Miquelon"
"761","Sao Tome and Principe:Ilha da Sao Tome"
"762","Canada:Saint Joseph Island"
"763","Japan:Nishino Shima"
"764","New Zealand:North Island"
"765","USA:Florida:Saint George Island"
"766","USSR:Ostrova Arkticheskogo Instituta"
"767","Australia:Mornington Island"
"768","Maldives:?"
"769","Papua New Guinea:Dyaul"
"770","Tobago"
"771","Antarctica:Anvers Island"
"772","Azores:Sao Miguel"
"773","Sao Tome and Principe:Ilha do Principe"
"774","New Caledonia:Ile Mare"
"775","Indonesia:Bangkulu"
"776","Canada:Gateshead Island"
"777","Honduras:Islas Santanilla:East"
"778","Angola:Ilha da Baia dos Tigres"
"779","Mexico:Cayo Lobos"
"780","Indonesia:Lomblen"
"781","Chile:Isla Contreras"
"782","Maldives:?"
"783","Canada:Cornwall Island"
"784","USSR:Ostrov Izvestiy Tslk:East"
"785","French Polynesia:Maiao"
"786","Myanmar:Great Western Torres"
"787","Barbados"
"788","Greece:Ios"
"789","Denmark:Streymoy"
"790","Australia:Isle Woodah"
"791","Mexico:Angeleda la Guarda Island"
"792","French Polynesia:Rimatara"
"793","Indonesia:Siau"
"794","Maldives:?"
"795","USA:Washington:San Juan Island"
"796","Bahamas:Great Inagua Island"
"797","USSR:?"
"798","USA:Alaska:Afognak Island"
"799","China:?"
"800","Honduras:Islas Santailla:West"
"801","Philippines:Mindoro"
"802","Greece:Thasos"
"803","Papua New Guinea:Nukumanu Island"
"804","USA:Alaska:Senak Island"
"805","Northern Mariana Islands:Anatahan"
"806","Indonesia:Bintan"
"807","Japan:Ishigaki Shima"
"808","Philippines:Badian Island"
"809","USSR:Ostrov Malyy Taymyr"
"810","Antarctica:Dendtler"
"811","Indonesia:Rempang"
"812","Cook Islands:Tauhunu"
"813","Canada:Axel Heiberg Island"
"814","USA:Alaska:Tanaga Island"
"815","Saudi Arabia:Jazair Farasan:North"
"816","Brazil:Ilha Caviana"
"817","USA:Pea Island"
"818","French Polynesia:Ua Huka"
"819","Antarctica:White Island"
"820","USSR:Ostrov Sal'm"
"821","USA:Maine:Mount Desert Island"
"822","Maldives:?"
"823","Indonesia:Padang:Sumatra"
"824","Indonesia:Halmahera"
"825","USA:Ocracoke Island"
"826","Finland:?"
"827","Maldives:?"
"828","Chile:Isla Navarino"
"829","Falkland Islands:Annenkov Island"
"830","Maldives:?"
"831","Papua New Guinea:Buka"
"832","Chile:Isla Reina Adelaida"
"833","USA:Alaska:Yunaska Island"
"834","Micronesia:Yap"
"835","Samoa:Upolu"
"836","Marshall Islands:Ebadon"
"837","Maldives:?"
"838","Japan:Okinawa"
"839","USSR:Ostrov Yarok"
"840","Vietnam:?"
"841","Canada:Cockburn Island"
"842","Japan:Miyake Jima"
"843","Maldives:?"
"844","Bahamas:Rum Cay"
"845","Finland:?"
"846","USA:Alaska:Kagamil Island"
"847","Antarctica:Charcot Island"
"848","Indonesia:Natuna Besar"
"849","Guinea-Bissau:?"
"850","Chile:Isla Pacheco"
"851","Paracel Islands:Tree Island"
"852","USSR:?"
"853","China:Donghai Dao"
"854","Panama:Isla Jicaron"
"855","Pakistan:Tsho Marari Lake"
"856","USSR:Ostrov Karaginskiy"
"857","USA:Alaska:?"
"858","Greenland:?"
"859","Indonesia:Moa"
"860","USSR:Ostrov Belyy"
"861","USSR:Ostrov Ogurchinskiy"
"862","Indonesia:?"
"863","Chile:Isla Capitan Aracena"
"864","Japan:Tokuno Shima"
"865","UK:Scotland:Saint Kilda"
"866","Greenland:Kuhn O"
"867","Denmark:Als"
"868","Mexico:Laguna Madre"
"869","Greenland:?"
"870","USA:Massachusettes:Martha's Vineyard"
"871","Indonesia:Togin"
"872","Chile:?"
"873","Bahamas:Long Cay"
"874","Antarctica:?"
"875","Mexico:Carmen Island"
"876","France:Ile Saint-Paul"
"877","American Samoa:Tutuila"
"878","Indonesia:Buton"
"879","Mexico:San Jose Island"
"880","Canada:New World Island"
"881","USA:Outer Island"
"882","Maldives:?"
"883","Indonesia:Sawu"
"884","Solomon Islands:Steward"
"885","California:San Clemente Island"
"886","Norway:Svalbard:Spitsbergen"
"887","Guinea-Bissau:?"
"888","Indonesia:Tahulandang"
"889","Myanmar:Bilugyun Island"
"890","USA:Alaska:Sitkalidak Island"
"891","Canada:Borden Island"
"892","Turks and Caicos:East Caicos Island"
"893","Bahrain"
"894","Solomon Islands:Arundel"
"895","Antarctica:Ross Island"
"896","Bahamas:Andros Island:Northern Bight"
"897","Denmark:Sjaelland"
"898","India:North Sentinal Island"
"899","Philippines:Magalawa Island"
"900","Indonesia:Damar"
"901","Indonesia:Rupat"
"902","Indonesia:Kasiruta"
"903","Brazil:?"
"904","India:Kavaratti Island"
"905","Indonesia:Bangka"
"906","Indonesia:Tobingtinggi"
"907","Cuba:Cayos de las Doce Leguas"
"908","Paracel Islands:Cresent Group:3"
"909","Solomon Islands:Maramasike"
"910","Grenada"
"911","Spain:Minorca"
"912","Bahamas:Eleuthera Island"
"913","Mexico:Guadalupe Island"
"914","Greece:Crete"
"915","Japan:Hokkaido"
"916","Brazil:Ihla Mexiana"
"917","Solomon Islands:Parara"
"918","South Korea:Ullung Do"
"919","Antarctica:Korff Ice Rise"
"920","Maldives:?"
"921","Chile:Isla San Felix"
"922","Chile:Isla Mornington"
"923","New Zealand:Pukapuka"
"924","USA:Florida:Hutchinson Island"
"925","Cayman Islands:Grand Cayman"
"926","Northern Mariana Islands:Sarigan"
"927","USA:Texas:San Jose Island"
"928","Philippines:Guimaras"
"929","Marshall Islands:Sibylla"
"930","Fiji:Vanua Masi"
"931","Antarctica:Pullen Island"
"932","Fiji:Nairai"
"933","Virgin Islands:Saint Thomas"
"934","Indonesia:Babar"
"935","Fiji:Ongea Levu"
"936","USA:Florida:Elliott Island"
"937","Maldives:?"
"938","Antarctica:Drygalski Island"
"939","USA:Alaska:Kodiak Island"
"940","Antarctica:Steventon Island"
"941","Antarctica:Sherman Island"
"942","Paracel Islands:Triton Island"
"943","Myanmar:Cheduba Island"
"944","USSR:Novaya Zemlya:North"
"945","Antarctica:Robertson Island"
"946","Indonesia:Melilis"
"947","Saudi Arabia:Jazair Farasan:South"
"948","Kiribati:Onotoa"
"949","Paracel Islands:Woody Island"
"950","South Korea:?"
"951","China:Liuheng Dao"
"952","USSR:Ostrov Malyy Lyakhovskiy"
"953","USA:Core Banks"
"954","Tuvalu:Nukufetau"
"955","USSR:Ostrov Kolguyev"
"956","Fiji:Waya"
"957","USA:Alaska:Akutan Island"
"958","UK:Scotland:Ruhm"
"959","Solomon Islands:Rendova"
"960","France:Belle-Ile"
"961","Canary Islands:Gomera"
"962","Brazil:Martin Vaz Island"
"963","USSR:Ostrov Vozrozhdeniya"
"964","India:Kiltan Island"
"965","Azores:Terceira"
"966","Thailand:Ko Yao Yai"
"967","Canada:Swindle Island"
"968","USSR:Muhu"
"969","Philippines:Basilan"
"970","USA:Florida:Marathon Key"
"971","Canada:Foley Island"
"972","Japan:Iwo Jima"
"973","Canada:Harrison Island"
"974","Indonesia:Muna"
"975","Papua New Guinea:Manam"
"976","Denmark:Fyn"
"977","Greece:Paros"
"978","Canada:Tukarak Island"
"979","Maldives:?"
"980","Venezuela:Isla Orchila"
"981","Chile:?"
"982","Madagascar:Nosy Be"
"983","India:Havelock Island"
"984","Virgin Islands:Tortola"
"985","New Caledonia:Ile Koutoumo"
"986","Mexico:Isla Magdelena"
"987","Cuba:Cayo Romano"
"988","Canary Islands:Fuerteventura"
"989","Chile:?"
"990","Indonesia:Bengkalis"
"991","Venezuela:La Blanquilla"
"992","Greenland:?"
"993","USSR:Ozero Balkhash"
"994","Philippines:Ticao"
"995","Antarctica:?"
"996","Canada:Roderick Island"
"997","Vanuatu:Pentecost"
"998","Fiji:Matuku"
"999","Australia:Bigge Island"
"1000","Canada:Mill Island"
"1001","Kiribati:Makin"
"1002","South Korea:Namhae Do"
"1003","Canada:Texada Island"
"1004","Maldives:?"
"1005","Chile:Isla Alejandra Selkirk"
"1006","Canary Islands:Gran Canaria"
"1007","Maldives:?"
"1008","Kiribati:?"
"1009","Canada:Charlton Island"
"1010","Vietnam:Dao Bach Long Vi"
"1011","USSR:?"
"1012","Mauritius:Rodrigues"
"1013","Panama:Isla de Coiba"
"1014","Northern Mariana Islands:Rota"
"1015","Japan:Nakadori Jima"
"1016","Philippines:Burias"
"1017","Jamaica"
"1018","India:Landfall Island"
"1019","Thailand:Ko Phra Thong"
"1020","Marshall Islands:Enewetok"
"1021","California:Santa Cruz Island"
"1022","Chile:?"
"1023","Indonesia:Bawean"
"1024","Vanuatu:Tanna"
"1025","Paracel Islands:West Sand Island"
"1026","Greece:Mikonos"
"1027","Antarctica:Lavoisier Island"
"1028","USA:Mississippi:Horn Island"
"1029","Canada:Melville Island"
"1030","Mauritania:Ile Tidra"
"1031","Australia:Macquarie Island"
"1032","USSR:Ostrov Nordenshelda"
"1033","Tuvalu:Nanumea"
"1034","Greece:Skopelos"
"1035","Norway:Vannoy"
"1036","Spain:Cabo de Palos"
"1037","Paracel Islands:Amphitrite Group:4"
"1038","Antarctica:Smyley Island"
"1039","USA:Texas:Peninsula Island"
"1040","French Polynesia:Niau"
"1041","Solomon Islands:Utupua"
"1042","Fiji:Fulanga"
"1043","USA:Alaska:Uganik Island"
"1044","United Arab Emirates:Marawwah"
"1045","Papua New Guinea:Long Island"
"1046","USSR:?"
"1047","Canada:Graham Island-Cold"
"1048","Chile:Isla Guaitecas"
"1049","Greenland:Shannon"
"1050","Canada:Big Island"
"1051","India:Pitti Island"
"1052","USA:Alaska:Shuyak Island"
"1053","France:Kerguelen Island:?"
"1054","Canada:Prescott Island"
"1055","Greenland:Milneland"
"1056","China:Zhoushan Dao"
"1057","India:Sand Cay"
"1058","Chile:Isle Guafo"
"1059","India:Rutland Island"
"1060","American Samoa:Tau"
"1061","Canada:Prince of Wales Island"
"1062","Chile:?"
"1063","Vietnam:Dao Ching Lan Yan"
"1064","Thailand:Ko Yao Noi"
"1065","Canada:Fogo Island"
"1066","Antarctica:Brabant Island"
"1067","USA:Johnston Island"
"1068","Maldives:?"
"1069","Virgin Islands:Anegada"
"1070","Indonesia:Padang:Borneo"
"1071","USSR:?"
"1072","India:Tarasa Dwip"
"1073","Australia:Tasmania"
"1074","Netherlands:Schiermonnikoog"
"1075","Portugal:Cabo de Santo Maria"
"1076","New Zealand:Great Barrier Island"
"1077","Vietnam:Cu Lao Thu"
"1078","USA:Long Beach Island"
"1079","Mexico:Espiritu Santo Island"
"1080","Cuba:Cayos Cinco Balas"
"1081","Indonesia:Ceram"
"1082","France:Ile de Noirmoutier"
"1083","Indonesia:Bali"
"1084","South Korea:Paengnyong Do"
"1085","Chile:Isla Juan Fernandez"
"1086","Greenland:?"
"1087","Sri Lanka"
"1088","USSR:Ostrova Belayazemiya"
"1089","Canada:Lake Winnipeg"
"1090","Canada:Jens Munk Island"
"1091","Canada:Graham Island"
"1092","Spain:Ibiza"
"1093","China:Makung"
"1094","Cape Verde:Boa Vista"
"1095","Chile:Isla Piazzi"
"1096","Maldives:?"
"1097","Norway:Mageroya"
"1098","Maldives:?"
"1099","Vietnam:Dao Car Bau"
"1100","India:East Island"
"1101","Hawaii:Kaula"
"1102","Fiji:Totoya"
"1103","Ecuador:Isla Santa Cruz"
"1104","Canada:Taylor Island"
"1105","USA:Alaska:Sitkinak Island"
"1106","Guinea-Bissau:Formosa"
"1107","Finland:Kimito"
"1108","Canary Islands:Hierro"
"1109","Vietnam:Dao Cu Xu"
"1110","New Zealand:Antipodes Island"
"1111","Papua New Guinea:Malendok"
"1112","Australia:Barrow Island"
"1113","Marshall Islands:Mili"
"1114","USSR:Ostrov Makanrushi"
"1115","Indonesia:Batam"
"1116","USSR:?"
"1117","USA:Alaska:Adak Island"
"1118","Maldives:?"
"1119","New Caledonia:Grand Recif de Oatope"
"1120","Guinea-Bissau:?"
"1121","Barbuda"
"1122","Indonesia:Mangole"
"1123","Indonesia:Unauna"
"1124","USSR:Ostrov Russkiy"
"1125","USA:Florida:Stock Island"
"1126","Solomon Islands:Ranongga"
"1127","China:Chongming Dao"
"1128","Marshall Islands:Wake Island"
"1129","Australia:Magnetic Island"
"1130","Norway:Hinnoya"
"1131","Australia:Melville Island"
"1132","Greece:Naxos"
"1133","Indonesia:Breueh"
"1134","Papua New Guinea:Bougainville"
"1135","USSR:Novaya Zemlya:South"
"1136","Solomon Islands:Kolombangara"
"1137","Australia:Snake Island"
"1138","Canada:Salisbury Island"
"1139","USA:Portsmouth Island"
"1140","USSR:?"
"1141","Brazil:Ilha Curua"
"1142","Myanmar:Narcondam Island"
"1143","Brazil:Ilha de Maraca"
"1144","Indonesia:Morotai"
"1145","Australia:Coronation Island"
"1146","Chile:?"
"1147","Oman:Al Hallaniyah"
"1148","Puerto Rico"
"1149","Solomon Islands:Bellona Island"
"1150","Kiribati:Arorae"
"1151","Denmark:Vagar"
"1152","Philippines:Sulu"
"1153","USA:Washington:Whidbey Island"
"1154","Hawaii:Sand Island"
"1155","Vanuatu:Efate"
"1156","Thailand:Ko Lanta Yai"
"1157","Japan:Hirado Jima"
"1158","Canada:Killiniq Island"
"1159","Paracel Islands:Pattle Island"
"1160","USA:Florida:Key West"
"1161","Indonesia:Saparua"
"1162","Falkland Islands:South Georgia"
"1163","Cuba:Cayo Coco"
"1164","Brazil:?"
"1165","USSR:Lena Delta:4"
"1166","USA:Angaur"
"1167","Antarctica:Laurie Island"
"1168","Antarctica:Spaatz Island"
"1169","Maldives:?"
"1170","Hawaii:Hawaii"
"1171","Spain:Formentera"
"1172","USA:Chincoteague Island"
"1173","Solomon Islands:Ke Loma"
"1174","Marshall Islands:Namu"
"1175","USSR:Ostrov Ayon"
"1176","Chile:?"
"1177","Antarctica:?"
"1178","Sierra Leone:Sherbro Island"
"1179","Cuba:Cayo Anclitas"
"1180","Maldives:?"
"1181","Virgin Islands:Saint John"
"1182","Greenland:?"
"1183","Ecuador:Isla Marchena"
"1184","Malaysia:Tioman"
"1185","Greece:Kea"
"1186","Australia:French Island"
"1187","USA:Alaska:Chuginadak Island"
"1188","USSR:Ostrov Shmidta"
"1189","Denmark:Laeso"
"1190","Indonesia:Mendanau"
"1191","Norway:Svalbard:Jan Mayen"
"1192","Azores:Flores"
"1193","Canada:Manitoulin Island"
"1194","Indonesia:Serasan"
"1195","USSR:Ostrov Pushkareva"
"1196","Chile:?"
"1197","California:Santa Rosa Island"
"1198","Greenland:?"
"1199","Philippines:Saboon Island"
"1200","USSR:Ostrov Starokadomskogo"
"1201","Indonesia:Komodo"
"1202","UK:Scotland:Benbecula"
"1203","USSR:?"
"1204","Indonesia:?"
"1205","Hawaii:Lanai"
"1206","Kiribati:Abemama"
"1207","Papua New Guinea:Tagula"
"1208","Brazil:Ilha de Marajo"
"1209","USA:Howland Island"
"1210","Indonesia:Rumberpon"
"1211","Maldives:?"
"1212","Tuvalu:Nui"
"1213","Mexico:San Esteban Island"
"1214","USA:Alaska:Saint Paul Island"
"1215","Solomon Islands:Vaghena"
"1216","USSR:?"
"1217","Indonesia:Sangeang"
"1218","Fiji:Conway Reef"
"1219","Cayman Islands:Little Cayman"
"1220","Indonesia:Kangean"
"1221","Australia:Endyalgout Island"
"1222","Indonesia:Pisang"
"1223","Kiribati:Beru"
"1224","Greenland:Nansen Land"
"1225","Indonesia:Tuangku"
"1226","Hawaii:Kahoolawe"
"1227","USSR:Rybinskoye Vodokhranilishche"
"1228","Greenland:?"
"1229","Vietnam:Ile De Quan Lan"
"1230","Solomon Islands:Ovau"
"1231","Greenland:?"
"1232","Bahamas:Samana Cay"
"1233","Iraq:?"
"1234","Indonesia:Maratua"
"1235","Canada:?"
"1236","USSR:Ostrov Shokal'skogo"
"1237","New Zealand:Rangitoto Island"
"1238","Norway:Svalbard:Kvitoya"
"1239","Norway:Svalbard:Byornoya"
"1240","Papua New Guinea:Liot"
"1241","Iraq:Lake ?"
"1242","Philippines:?"
"1243","Australia:Augustus Island"
"1244","Maldives:?"
"1245","Bahamas:San Salvador"
"1246","Canada:Ile Lameque"
"1247","Antarctica:Thurston Island"
"1248","Chile:?"
"1249","Tuvalu:Vaitupu"
"1250","France:Ile d'Yeu"
"1251","Antarctica:Latady Island"
"1252","Hawaii:Eastern Island"
"1253","Canada:Southampton Island"
"1254","UK:Scotland:North Uist"
"1255","Vietnam:Bai Nha Mac"
"1256","Maldives:?"
"1257","Sweden:Orust"
"1258","Chile:Isla Wellington"
"1259","India:Agatti Island"
"1260","Thailand:?"
"1261","Marshall Islands:Rakaru"
"1262","Kiribati:Ocean Island"
"1263","USA:Florida:Big Pine Key"
"1264","Nicaragua:Isla de Ometepe"
"1265","Bangladesh:?"
"1266","Maldives:?"
"1267","Greece:Samos"
"1268","French Polynesia:Magareva"
"1269","Maldives:?"
"1270","Papua New Guinea:Misima"
"1271","Papua New Guinea:Tatau"
"1272","Indonesia:Sumba"
"1273","Maldives:?"
"1274","Indonesia:Lingga"
"1275","Cyprus"
"1276","USA:Florida:Summerland Key"
"1277","Antarctica:Bowman Island"
"1278","Italy:Isola di Pantelleria"
"1279","Indonesia:Mansaleang"
"1280","Canada:?"
"1281","Yugoslavia:Otok Brac"
"1282","Greece:Karpathos"
"1283","Fiji:Oneata"
"1284","Maldives:?"
"1285","Greenland:?"
"1286","Trinidad"
"1287","Falkland Islands:East Falkland"
"1288","Vanuatu:Ambrym"
"1289","Maldives:?"
"1290","South Sandwich Islands:Saunders Island"
"1291","Maldives:?"
"1292","Cuba:Cayo Guajaba"
"1293","Argentina:Isla de los Estados"
"1294","USA:Alaska:Saint Matthew Island"
"1295","Cape Verde:Sao Tiago"
"1296","Kenya:Mombasa Island"
"1297","UK:Saint Helena Island"
"1298","Malaysia:Jambongan"
"1299","Indonesia:Karakelong"
"1300","Maldives:?"
"1301","USSR:Ostrov Kunashir"
"1302","Antarctica:Joinville Island"
"1303","Canada:Chapman Lewes Island:North"
"1304","Australia:Phillip Island"
"1305","France:Uvea"
"1306","USA:Alaska:Wrangell Island"
"1307","Philippines:Culion"
"1308","Argentina:Isla Trinidad"
"1309","USA:Texas:Matagorda Island"
"1310","Canada:Bell Island"
"1311","Philippines:Marinduque"
"1312","Canada:Somerset Island"
"1313","Chile:Isla Chaffers"
"1314","Indonesia:Gebe"
"1315","Solomon Islands:Vella Lavella"
"1316","Brazil:Trindade"
"1317","Tanzania:Pemba Island"
"1318","Chile:Isla Guamblin"
"1319","USA:Florida:Sugarloaf Key"
"1320","USSR:Ostrov Plavnikovyye"
"1321","Yugoslavia:Otok Mljet"
"1322","Honduras:Isla de Guanaja"
"1323","Iraq:?"
"1324","UK:Scotland:Island of Skye"
"1325","Indonesia:?"
"1326","Australia:Groote Eylandt"
"1327","Greenland:?"
"1328","Maldives:?"
"1329","Bahamas:Long Island"
"1330","Iraq:?"
"1331","Bangladesh:?"
"1332","Bahamas:New Providence Island"
"1333","Indonesia:Roon"
"1334","Indonesia:Tanahbala"
"1335","Maldives:?"
"1336","Greenland:?"
"1337","Greenland:?"
"1338","Antarctica:Renaud Island"
"1339","Egypt:Ras Burun:East"
"1340","Northern Mariana Islands:Guguan"
"1341","Chile:Isla Jorge Montt"
"1342","Indonesia:Simeule"
"1343","Seychelles:Coetivy Island"
"1344","Indonesia:Timor"
"1345","Bangladesh:?"
"1346","Australia:Bickerton Island"
"1347","Australia:?"
"1348","Cook Islands:Rakahanga"
"1349","Maldives:?"
"1350","Antarctica:Burke Island"
"1351","Cook Islands:Manuaue"
"1352","USSR:Ostrov Isachenko"
"1353","Australia:Horn Island"
"1354","Greece:Tinos"
"1355","USSR:Ostrov Shumshu"
"1356","France:Clipperton"
"1357","Bahamas:Grand Bahama Island"
"1358","Chile:?"
"1359","Mexico:Isla Maria Cleofas"
"1360","Indonesia:Selayar"
"1361","Papua New Guinea:Simberi"
"1362","USA:Alaska:?"
"1363","Bangladesh:?"
"1364","USSR:Ostrov Kolosovykh"
"1365","Cook Islands:Nassau Island"
"1366","Maldives:?"
"1367","Greece:Andros"
"1368","USSR:Kihnu"
"1369","Mexico:Isla del Carmen"
"1370","Indonesia:?"
"1371","Seychelles:Mahe Island"
"1372","Canada:Kanuyak Island"
"1373","Philippines:Camiguin"
"1374","Indonesia:Wetar"
"1375","Indonesia:Banda Besar"
"1376","Canada:?"
"1377","Indonesia:Nias"
"1378","USA:Alaska:Etolin Island"
"1379","Greenland:?"
"1380","Canada:Ekalulia Island"
"1381","Germany:Borkum"
"1382","Chile:Isla Londonderry"
"1383","USA:Alaska:Amukta Island"
"1384","USA:Alaska:Unga Island"
"1385","USSR:Ostrova Petra"
"1386","South Sandwich Islands:Visokoi Island"
"1387","Indonesia:Adi"
"1388","Indonesia:Mandioli"
"1389","Japan:Hachijo Jima"
"1390","Maldives:?"
"1391","Vietnam:Bac Nha Mac"
"1392","USSR:Ostrov Ketoy"
"1393","Maldives:?"
"1394","Cuba:Cayo Media Luna"
"1395","Denmark:Lolland"
"1396","Greece:Khios"
"1397","Greenland:?"
"1398","Vanuatu:Ureparapara"
"1399","Marshall Islands:Bikini"
"1400","New Caledonia:Ile Ouvea"
"1401","Canada:Merasheen Island"
"1402","Indonesia:Wowoni"
"1403","Solomon Islands:Nggatokae"
"1404","Indonesia:Ternate"
"1405","Canada:Russell Island"
"1406","Fiji:Baqa"
"1407","Chile:Isla Javier"
"1408","Japan:Kita Iwo Jima"
"1409","Tunisia:Shergui Island"
"1410","New Caledonia:Mouly"
"1411","Indonesia:Sebangka"
"1412","Fiji:Vanua Levu"
"1413","India:?"
"1414","USA:Massachusettes:Nantucket Island"
"1415","California:San Nicolas Island"
"1416","Malawi:Likoma Island"
"1417","Australia:Bruny Island"
"1418","Greenland:Nuugaatsiaq"
"1419","Canary Islands:Tenerife"
"1420","Thailand:Ko Surin Tai"
"1421","Micronesia:Puluwat"
"1422","Antarctica:Steele Island"
"1423","Kiribati:Nuotea"
"1424","Maldives:Midu"
"1425","Maldives:?"
"1426","UK:Scotland:Barra"
"1427","Bahamas:Hog Cay"
"1428","Netherlands:Texel"
"1429","USA:Beaver Island"
"1430","Ethiopia:T'ana Hayk"
"1431","USSR:Zaliv"
"1432","Australia:Norfolk Island"
"1433","Indonesia:Selaru"
"1434","UK:Scotland:Island of Mull"
"1435","Kiribati:Maiana"
"1436","California:San Miguel Island"
"1437","Indonesia:?"
"1438","Japan:Rebun To"
"1439","Greenland:Quqertarsuaq"
"1440","Maldives:?"
"1441","Egypt:Ras Burun:West"
"1442","Kiribati:Caroline Island"
"1443","Micronesia:Pamuk Imwintiati"
"1444","USA:Alaska:Admiralty Island"
"1445","Indonesia:We"
"1446","Mexico:Isla de Cozumel"
"1447","Chile:?"
"1448","Maldives:?"
"1449","Canada:?"
"1450","Cuba:Caya Fragosa"
"1451","Canada:Byam Martin Island"
"1452","Australia:Elcho Island"
"1453","USA:Smith Island"
"1454","Indonesia:Maya"
"1455","Japan:Suwanose Jima"
"1456","Maldives:?"
"1457","Vietnam:Vung Ganh Rai"
"1458","Australia:Marchinbar Island"
"1459","Cook Islands:Ataiu"
"1460","Philippines:Camiguin-Babuyan"
"1461","Malawi:Chisamula Island"
"1462","USSR:Shikotan To"
"1463","Micronesia:Pulusuk Atoll"
"1464","Hawaii:Maui"
"1465","USA:Alaska:Unimak Island"
"1466","Indonesia:Tanahmasa"
"1467","India:Sagar Island"
"1468","Mexico:Tiburon Island"
"1469","Australia:Bernier Island"
"1470","Maldives:?"
"1471","USSR:Ladozhskoye Ozero"
"1472","Indonesia:?"
"1473","Solomon Islands:San Cristobal"
"1474","Maldives:?"
"1475","Indonesia:Kabaena"
"1476","Kiribati:Caroline Atoll"
"1477","India:Cheriyam Island"
"1478","Antarctica:?"
"1479","Canada:Belcher Island"
"1480","Canada:Jameson Island:East"
"1481","Maldives:?"
"1482","Canada:Smith Island"
"1483","Saint Lucia"
"1484","Greenland:?"
"1485","Maldives:?"
"1486","Chile:Isla Diego de Almagro"
"1487","Chile:Isla Byron"
"1488","Maldives:Gan"
"1489","Maldives:?"
"1490","China:Hainan"
"1491","USSR:Ostrov Bering"
"1492","Panama:Isla Parida"
"1493","Maldives:?"
"1494","Chile:Isla Juan Stuven"
"1495","USA:Texas:Galveston Island"
"1496","Greenland:?"
"1497","Sweden:Gotska Sandon"
"1498","Indonesia:Bakung"
"1499","Mexico:Isla Cedros"
"1500","UK:Henderson Island"
"1501","Canada:Crown Prince Frederik Island"
"1502","Canada:Cape Breton Island"
"1503","Solomon Islands:Shortland"
"1504","Norway:Senja"
"1505","Indonesia:?"
"1506","Micronesia:Ngatik"
"1507","Solomon Islands:Nendo"
"1508","Australia:Mulgrave Island"
"1509","French Polynesia:Moorea"
"1510","Antarctica:Henry Ice Rise"
"1511","Indonesia:Panaitan"
"1512","Cook Islands:Palmerston Island"
"1513","Canada:Flores Island"
"1514","USSR:Ostrov Feklistova"
"1515","Canada:Ellef Ringnes Island"
"1516","Thailand:Ko Surin Nua"
"1517","Canada:Bylot Island"
"1518","Chile:Isla Wager"
"1519","Marshall Islands:Rongelap Atoll"
"1520","Antarctica:Coulman Island"
"1521","Canada:Ile du Cap aux Meule"
"1522","Greenland:Northumberland O"
"1523","Indonesia:Tjombol"
"1524","Panama:Isla Boca Brava"
"1525","Australia:South Bruny Island"
"1526","Indonesia:Klabat"
"1527","Greece:Klimnos"
"1528","Tanzania:Mafia Island"
"1529","Mexico:Isla Maria Magdalena"
"1530","Solomon Islands:Vanikoro"
"1531","Micronesia:?"
"1532","Maldives:?"
"1533","Norway:Svalbard:Svenskoya"
"1534","Iraq:?"
"1535","Japan:Tanega Shima"
"1536","Greenland:?"
"1537","New Caledonia:Matthew Island"
"1538","Indonesia:Cut"
"1539","Vietnam:Dao Cat Ba"
"1540","Micronesia:Fefan"
"1541","Kenya:Patta Island"
"1542","Netherlands:Flevoland"
"1543","France:Corsica"
"1544","Greenland:?"
"1545","Fiji:Ndoi Island"
"1546","Chile:Isla Santa Ines"
"1547","Myanmar:Maungmagan Island"
"1548","Indonesia:?"
"1549","Chagos Archipelago:?"
"1550","Greenland:Trail O"
"1551","Solomon Islands:Malaita"
"1552","India:Kalpeni Island"
"1553","Brazil:Ilha Grande de Gurupa"
"1554","Philippines:Calayan"
"1555","USA:Alaska:Saint George Island"
"1556","Indonesia:Tambelan"
"1557","Philippines:Panay"
"1558","Fiji:Viti Levu"
"1559","USSR:Ostrov Sverdrup"
"1560","USSR:Ostrov Raykoke"
"1561","Maldives:?"
"1562","USSR:?"
"1563","Hawaii:Laysan Island"
"1564","Maldives:Wilingili"
"1565","Kiribati:Bonriki"
"1566","Chile:Isla Hanover"
"1567","Greenland:?"
"1568","USSR:Ostrova Dunay"
"1569","Chile:Isla Farrell"
"1570","Australia:Moa Island"
"1571","Maldives:?"
"1572","India:South Island"
"1573","Chagos Archipelago:Ile du Coin"
"1574","USA:Alaska:Tugidak Island"
"1575","Mauritius"
"1576","Maldives:?"
"1577","USA:Baker Island"
"1578","USA:Louisiana:Chandeleur Island"
"1579","Saint Vincent"
"1580","USSR:Ostrov Greem-Bell"
"1581","France:Ile Amsterdam"
"1582","Indonesia:Manui"
"1583","USA:Alaska:Kanaga Island"
"1584","Chagos Archipelago:Ile Yeye"
"1585","Norway:Sunnhordland"
"1586","Northern Mariana Islands:Alamagan"
"1587","USA:Alaska:Nunivak Island"
"1588","Greenland:Eggers O"
"1589","Indonesia:Singkep"
"1590","Mexico:Isla San Benedicto"
"1591","Norway:Bouvet Island"
"1592","Greenland:Hovgaard O"
"1593","Paracel Islands:Money Island"
"1594","USSR:Solovetskiye Ostrova"
"1595","Canada:Hawkesbury Island"
"1596","Canada:Sable Island"
"1597","Chagos Archipelago:Salomon Island"
"1598","Papua New Guinea:Umboi"
"1599","Chagos Archipelago:?"
"1600","Samoa:Savai'i"
"1601","USSR:Ostrov Cheleken"
"1602","Canary Islands:Lanzarote"
"1603","Kuwait:Bubiyan"
"1604","Maldives:Hitaddu"
"1605","Canada:Saint Ignace Island"
"1606","Indonesia:Alor"
"1607","Australia:Howard Island"
"1608","Papua New Guinea:Fergusson Island"
"1609","Indonesia:Bangkaru"
"1610","UK:Isle of Sheppey"
"1611","Guadeloupe:Marie-Galante"
"1612","Philippines:Negros"
"1613","Maldives:?"
"1614","Marshall Islands:Wotje Atoll"
"1615","USA:Alaska:Unalaska Island"
"1616","Myanmar:?"
"1617","Maldives:Mulaku"
"1618","Malaysia:Balembangan Island"
"1619","Ecuador:Isla Pinta"
"1620","Japan:Miyako Jima"
"1621","Malaysia:Dayang Bunting"
"1622","India:Car Nicobar Island"
"1623","French Polynesia:Huahine Iti"
"1624","Iraq:?"
"1625","South Korea:Cheju Do"
"1626","Indonesia:Yapen"
"1627","Maldives:?"
"1628","Japan:Kikaiga Shima"
"1629","China:Weizhou Dao"
"1630","Chile:Isla Angamos"
"1631","New Zealand:Niue"
"1632","Canada:Duke of York Archipeligo"
"1633","Marshall Islands:?"
"1634","Indonesia:Kalimantan"
"1635","Myanmar:Great Coco Island"
"1636","Chile:?"
"1637","Yugoslavia:Otok Cres"
"1638","USA:Alaska:Agattu Island"
"1639","Greece:Levkas"
"1640","Maldives:?"
"1641","Canada:Brock Island"
"1642","South Korea:Koje Do"
"1643","Hawaii:Nihau"
"1644","Bangladesh:?"
"1645","Papua New Guinea:Manus Island"
"1646","Norway:Ringvassoy"
"1647","USSR:Ostrov Barsakel'mes"
"1648","Vietnam:Dao Phu Quoc"
"1649","Maldives:?"
"1650","Denmark:Langeland"
"1651","USSR:Ostrov Simushir"
"1652","Canada:Anticosti Island"
"1653","USSR:Ostrov Novaya Sibr'"
"1654","USA:Florida:Santa Rosa Island"
"1655","Solomon Islands:Mono"
"1656","Indonesia:Tabuan"
"1657","France:Iles Glorieuses:South"
"1658","Fiji:Vatulele"
"1659","Spratly Island"
"1660","Indonesia:Haruku"
"1661","French Polynesia:Huahine Nui"
"1662","Norway:Vestvagoy"
"1663","Antarctica:Gillock Island"
"1664","Greenland:Maniitsoq"
"1665","Chagos Archipelago:Ile Baddan"
"1666","French Polynesia:Tahiti"
"1667","Myanmar:Bentinck Island"
"1668","Indonesia:Siberut"
"1669","Kiribati:Buariki"
"1670","Chile:Isla Ramirez"
"1671","Colombia:Isla de San Andres"
"1672","USSR:Ostrov Onekotan"
"1673","Chagos Archipelago:Eagle Island"
"1674","Kiribati:Nonouti"
"1675","USA:Alaska:Suemez Island"
"1676","Chile:Isla Rennell"
"1677","Papua New Guinea:Witu Island"
"1678","Haiti:Ile de la Tortue"
"1679","Greenland:?"
"1680","USSR:?"
"1681","Chagos Archipelago:Three Brothers North"
"1682","Wales:Anglesey"
"1683","Philippines:Itbayat"
"1684","Canada:Banks Island"
"1685","USSR:Ostrov Oktyabr'skoy Revolyutsii"
"1686","USA:Jarvis Island"
"1687","Antarctica:Grant Island"
"1688","Indonesia:Sanana"
"1689","Japan:Rishiri To"
"1690","Greenland:?"
"1691","USSR:Sea of Azov:West"
"1692","Dominica"
"1693","Ecuador:Isla Espanola"
"1694","Indonesia:Misool"
"1695","Canada:Air Force Island"
"1696","Japan:Dogo"
"1697","Indonesia:Numfoor"
"1698","UK:Jersey"
"1699","Chagos Archipelago:?"
"1700","USA:Alaska:Duke Island"
"1701","Indonesia:Sumbawa"
"1702","Japan:Minami Daito Jima"
"1703","UK:Scotland:Coll"
"1704","French Polynesia:Rurutu"
"1705","Antarctica:Ewing Island"
"1706","Bangladesh:?"
"1707","India:North Island"
"1708","Chile:?"
"1709","Indonesia:Makian"
"1710","Papua New Guinea:Rambutyo"
"1711","Madeira Islands:Madeira"
"1712","Antigua"
"1713","USA:Alaska:Montague Island"
"1714","Kiribati:Tamana"
"1715","USA:Alaska:Saint Lawrence Island"
"1716","Canada:Charles Island"
"1717","Hawaii:Molokai"
"1718","Micronesia:Pohnpei"
"1719","India:Great Nicobar"
"1720","Ecuador:Isla San Salvador"
"1721","Bangladesh:?"
"1722","Yugoslavia:Otok Lastovo"
"1723","Maldives:?"
"1724","Bangladesh:?"
"1725","Marshall Islands:?"
"1726","New Zealand:Stewart Island"
"1727","New Zealand:Snare Island"
"1728","Chile:?"
"1729","UK:Scotland:Jura"
"1730","Indonesia:Jemaja"
"1731","Japan:Chichi Jima:South"
"1732","Brazil:Ilha Grande"
"1733","UK:Scotland:Island of Arran"
"1734","Antarctica:Coronation Island"
"1735","Bonaire"
"1736","France:Ile Juan de Nova"
"1737","Denmark:Bornholm"
"1738","India:?"
"1739","South Africa:Marion Island"
"1740","USA:Alaska:Annette Island"
"1741","Maldives:?"
"1742","Antarctica:Buckle Island"
"1743","Japan:Iki"
"1744","Chagos Archipelago:Ile Pierre"
"1745","Myanmar:Parker Island"
"1746","Bangladesh:Sandwip"
"1747","Kiribati:Flint Island"
"1748","Maldives:?"
"1749","Japan:Kamino Shima"
"1750","New Zealand:Muttonbird Island"
"1751","Indonesia:Midai"
"1752","USA:Louisiana:Isle au Pitre"
"1753","Bangladesh:?"
"1754","USSR:Zemlya Georga"
"1755","India:Little Nicobar"
"1756","Solomon Islands:Choiseul"
"1757","USA:Alaska:Kuiu Island"
"1758","Puerto Rico:Isla Mona"
"1759","Japan:Nakano Shima"
"1760","Fiji:Ono"
"1761","Brazil:Arquipelago de Fernando de Noronha"
"1762","USSR:Ostrova Tyulen'i"
"1763","Greece:Samothraki"
"1764","Germany:Fehmarn"
"1765","UK:Scotland:Tiree"
"1766","Indonesia:Flores"
"1767","Haiti:Ile a Vache"
"1768","Philippines:Sibutu Island"
"1769","Malaysia:Langkawi"
"1770","New Zealand:Chatham Island"
"1771","Japan:Shimono Shima"
"1772","France:Dzaoudzi"
"1773","Japan:Kuchino Shima"
"1774","Papua New Guinea:Unea"
"1775","Marshall Islands:Kaven"
"1776","Solomon Islands:Pavuvu"
"1777","Canada:Melbourne Island"
"1778","Greece:Siros"
"1779","Micronesia:Shichiyo"
"1780","Greenland:?"
"1781","Myanmar:Sabik Island"
"1782","Myanmar:Zadetkyi Kyun"
"1783","China:Pratas Island"
"1784","USA:Isle Royale"
"1785","USSR:?"
"1786","Cook Islands:Farallon de Pagaros"
"1787","Chile:Isla Dawson"
"1788","New Zealand:Campbell Island"
"1789","UK:Scotland:Islay"
"1790","Philippines:Siargao"
"1791","Norway:Austvagoy"
"1792","Greece:Serifos"
"1793","Antarctica:Clarence Island"
"1794","Chile:Isla Desolacion"
"1795","Canada:Hunter Island"
"1796","Antarctica:Shepard Island"
"1797","Papua New Guinea:Laualau Island"
"1798","Australia:?"
"1799","Vanuatu:Malakula"
"1800","Cape Verde:Sao Nicolau"
"1801","Chile:Nunes"
"1802","Belize:Ambergris Cay"
"1803","USA:Guam"
"1804","American Samoa:Ofu"
"1805","Antarctica:Masson Island"
"1806","Canada:Vansittart Island"
"1807","Japan:Yaku Shima"
"1808","Antarctica:Hearst Island"
"1809","Japan:Yonaguni Jima"
"1810","UK:Ascension Island"
"1811","Chagos Archipelago:Diego Garcia"
"1812","Thailand:Ko Tarutao "
"1813","USSR:Ostrov Vize"
"1814","Bangladesh:Maiskhal"
"1815","Indonesia:Salawati"
"1816","Myanmar:Than Kyun"
"1817","Vanuatu:Espiritu Santo"
"1818","Panama:Archipelielago de Bocas del Toro"
"1819","Vanuatu:Santa Maria"
"1820","USSR:Ostrov Vrangelya"
"1821","Antarctica:Case Island"
"1822","Sri Lanka:?"
"1823","Panama:Isla Pedro Gonzalez"
"1824","Canada:Akimiski Island"
"1825","USSR:?"
"1826","Fiji:Cicia"
"1827","Myanmar:Zadetkale Kyun"
"1828","New Zealand:Resolution Island"
"1829","Bahamas:Mayaguana Island"
"1830","Maldives:?"
"1831","Equatorial Guinea:Annobon"
"1832","Kiribati:Tarawa"
"1833","Canada:Jameson Island:West"
"1834","Norway:Svalbard:Kongsoya"
"1835","Fiji:Kadavu"
"1836","Bangladesh:?"
"1837","USA:Alaska:Mitkof Island"
"1838","USSR:Ostrov Bol'shoy Shantar"
"1839","Greenland:?"
"1840","Chile:?"
"1841","Papua New Guinea:Rossel"
"1842","Maldives:?"
"1843","New Zealand:Fakaofu"
"1844","Chile:Isla Carlos"
"1845","Chile:?"
"1846","UK:Scotland:Colonsay"
"1847","Canada:Jenny Lind Island"
"1848","Cuba:Cayo Santa Maria"
"1849","Maldives:?"
"1850","Indonesia:Buru"
"1851","Myanmar:Kanmaw Kyun"
"1852","Yugoslavia:Otok Krk"
"1853","Portugal:Ilheus Selvagens"
"1854","USSR:Ostrov Bel'kovskiy"
"1855","New Zealand:Ruapuke Island"
"1856","Australia:Lindeman Island"
"1857","Chagos Archipelago:Ile Diamont"
"1858","Panama:Isla Sevilla"
"1859","Chile:Isla Recalada"
"1860","Myanmar:?"
"1861","Marshall Islands:Ujae Atoll"
"1862","Norway:Nordhordland"
"1863","Canada:Elvira Island"
"1864","Philippines:Polillo Island"
"1865","Maldives:?"
"1866","Indonesia:Obi"
"1867","Philippines:Masbate"
"1868","Marshall Islands:Marcus"
"1869","French Polynesia:Tematangi"
"1870","Azores:Santa Maria"
"1871","UK:Scotland:Shetland Islands:Mainland"
"1872","United Arab Emirates:Abu al Abyad"
"1873","USA:Florida:Marquesas Key"
"1874","Maldives:?"
"1875","Virgin Islands:Saint Croix"
"1876","Kiribati:Vostok Island"
"1877","Maldives:?"
"1878","Maldives:?"
"1879","American Samoa:Aunuu"
"1880","USSR:Ostrov Dzhangylakh"
"1881","Yugoslavia:Otok Korcula"
"1882","Australia:Heard Island"
"1883","Myanmar:Tenasserim Island"
"1884","Canada:Eglinton Island"
"1885","Cook Islands:Penrhyn"
"1886","Bangladesh:?"
"1887","Chagos Archipelago:Three Brothers South"
"1888","Micronesia:Langar"
"1889","Antarctica:Lydden Island"
"1890","Maldives:?"
"1891","USSR:Ostrov Kharimkotan"
"1892","Myanmar:Letsok-Aw Kyun"
"1893","Australia:Kangaroo Island"
"1894","Norway:Bremangerland"
"1895","Kiribati:Kanton Island"
"1896","India:Trinkat Island"
"1897","French Polynesia:Makatea"
"1898","China:Taiwan:Lan yu"
"1899","Antarctica:Dundee Island"
"1900","Norway:Moskenesoya"
"1901","Indonesia:Batanta"
"1902","Australia:Croker Island"
"1903","Maldives:?"
"1904","Panama:Isla San Jose"
"1905","Canada:Matty Island"
"1906","Australia:Hook Island"
"1907","New Zealand:?"
"1908","Antarctica:Dolleman Island"
"1909","USSR:Ostrov Oleniy"
"1910","France:Iles Glorieuses:North"
"1911","Indonesia:Roti"
"1912","USA:Alaska:Zarembo Island"
"1913","USA:Alaska:Tigalda Island"
"1914","USSR:Ostrov Taymyr"
"1915","Kiribati:Abaiang Atoll"
"1916","Northern Mariana Islands:Tinian"
"1917","India:?"
"1918","Brazil:Ilha de Sao Sebastiao"
"1919","USA:Surf City Banks"
"1920","Brazil:?"
"1921","USSR:Ostrov Gallya"
"1922","Papua New Guinea:Goodenough Island"
"1923","Fiji:Mago"
"1924","Chile:?"
"1925","Chile:Isla Benjamin"
"1926","Northern Mariana Islands:Saipan"
"1927","Indonesia:Ambon"
"1928","Papua New Guinea:Ninigo Island"
"1929","France:Ile de la Posession"
"1930","Brazil:Ilha de Santa Catarina"
"1931","Chile:Isla Simpson"
"1932","Myanmar:?"
"1933","Chagos Archipelago:Ile Lubine"
"1934","Papua New Guinea:Mussau"
"1935","Dominican Republic:Isla Beata"
"1936","Aruba"
"1937","Maldives:?"
"1938","Greenland:?"
"1939","Papua New Guinea:Normanby Island"
"1940","Norway:Kvaloy"
"1941","USA:Alaska:Gareloi Island"
"1942","Greece:Skiros"
"1943","Philippines:Busuanga"
"1944","Cook Islands:Mitiaro"
"1945","Bangladesh:Kutubdia"
"1946","USA:Alaska:Kiska Island"
"1947","Malaysia:Banggi"
"1948","Canada:?"
"1949","Greenland:Store Koldewey"
"1950","Yugoslavia:Otok Hvar"
"1951","Chile:?"
"1952","Canada:Saltspring Island"
"1953","Japan:Iriomote Jima"
"1954","Philippines:Samar"
"1955","Tonga:Foa"
"1956","Papua New Guinea:Green Island"
"1957","Japan:Chichi Jima:North"
"1958","Greenland:Angmagssalik"
"1959","Indonesia:Sangihe"
"1960","Marshall Islands:Ailinglaplap"
"1961","Maldives:?"
"1962","Norway:Kvaloya"
"1963","Bangladesh:?"
"1964","Chile:Isla Chatham"
"1965","Mexico:Isla San Juanito "
"1966","Solomon Islands:Mbanika"
"1967","India:Katchall Island"
"1968","Tonga:Haano"
"1969","USSR:Ostrov Rasshua"
"1970","USSR:Lena Delta:6"
"1971","Antarctica:Snow Island"
"1972","Canada:Galiano Island"
"1973","Norway:Svalbard:Barentsoya"
"1974","Greece:Kithira"
"1975","USSR:Zemlya Alexsandry"
"1976","Canada:Meighen Island"
"1977","Maldives:?"
"1978","India:Bitra Island"
"1979","USA:Alaska:Kruzof Island"
"1980","Cook Islands:Mauke"
"1981","Germany:Rugen"
"1982","Bangladesh:?"
"1983","Chile:?"
"1984","Maldives:?"
"1985","Mexico:Isla Socorro"
"1986","Canada:Rockhouse Island"
"1987","Vanuatu:Epi"
"1988","Canada:Emerald Isle"
"1989","Australia:?"
"1990","Australia:North Island"
"1991","Canada:Aristazabal Island"
"1992","Thailand:Ko Chang-Malay"
"1993","Vietnam:Con Son"
"1994","Kiribati:Hull Island"
"1995","Canary Islands:La Palma"
"1996","Australia:Cape Barren Island"
"1997","Canada:Edgell Island"
"1998","UK:Scotland:South Uist"
"1999","USA:Alaska:Attu Island"
"2000","Puerto Rico:Viaques Island"
"2001","Norway:Smola"
"2002","Antarctica:D'Urville Island"
"2003","Indonesia:Bisa"
"2004","Indonesia:Karimun-Besar"
"2005","Philippines:Samal Island"
"2006","Canada:Nottingham Island"
"2007","Indonesia:Yos Sudarso"
"2008","Chile:Isla Stewart"
"2009","Indonesia:Taliabu"
"2010","Myanmar:Daung Kyun"
"2011","Indonesia:Basu"
"2012","Canada:BC:Banks Island"
"2013","Falkland Islands:West Falkland"
"2014","Indonesia:Yamdena"
"2015","Chile:Isla Patricio Lynch"
"2016","Denmark:Suduroy"
"2017","Brazil:Saint Peter Rock"
"2018","Cook Islands:Mangaia"
"2019","Mexico:Cerralvo Island"
"2020","Fiji:Taveuni"
"2021","Canada:Hanbury Island"
"2022","Chile:?"
"2023","Hawaii:Kauai"
"2024","Canada:?"
"2025","USSR:Ostrov Mak-Klintoka"
"2026","Turks and Caicos:Providenciales Island"
"2027","India:Nancowry Island"
"2028","Tuvalu:Nanumanga"
"2029","Norway:Svalbard:Hopen"
"2030","Myanmar:Saurin Island"
"2031","Vietnam:?"
"2032","Tonga:Tofua"
"2033","USA:Alaska:Hinchinbrook Island"
"2034","Chile:Isla Wollaston"
"2035","Cape Verde:Maio"
"2036","USA:Great Salt Lake"
"2037","Philippines:Sibuyan"
"2038","Malta:Gozo"
"2039","Indonesia:Laut"
"2040","Maldives:?"
"2041","Greece:Limnos"
"2042","Canada:Campbell Island"
"2043","Comoros:Moheli"
"2044","Australia:Inglis Island"
"2045","Vanuatu:Anatom"
"2046","Oman:Jazirat Masirah"
"2047","Maldives:?"
"2048","Fiji:Moala"
"2049","Northern Mariana Islands:Shomushon"
"2050","Antarctica:Carney Island"
"2051","Spain:Majorca"
"2052","South Sandwich Islands:Zavodovski Island"
"2053","USA:Alaska:Chugul Island"
"2054","Ireland:Achill Island"
"2055","Maldives:?"
"2056","Falkland Islands:Weddell Island"
"2057","Malaysia:Tanjong Sirik"
"2058","USA:Alaska:Big Koniuji Island"
"2059","Equatorial Guinea:Fernando Po"
"2060","China:Chinmen Tao"
"2061","Indonesia:Tebingtinggi"
"2062","New Zealand:?"
"2063","Micronesia:Mortlock"
"2064","French Polynesia:Tahuata"
"2065","Antarctica:Sturge Island"
"2066","Fiji:Vanua Balavu"
"2067","Tonga:Hunga"
"2068","Marshall Islands:Namoril"
"2069","Japan:Fukue Jima"
"2070","Germany:Norderney"
"2071","Antarctica:Farwell Island"
"2072","USA:Keweenaw Penninsula"
"2073","Bahamas:Great Exuma Island"
"2074","Iran:Jazireh-ye Qeshm"
"2075","Australia:Whitsunday Island"
"2076","UK:Scotland:Orkney Islands:Hoy"
"2077","Greece:Methanon"
"2078","Chagos Archipelago:Danger Island"
"2079","Azores:Pico"
"2080","Indonesia:Pagai Selatan"
"2081","Chile:?"
"2082","Greenland:Illorsuit"
"2083","Indonesia:Gorong"
"2084","Paracel Islands:Lincoln Island"
"2085","USSR:Ostrov Iturup"
"2086","Mongolia:Hovsgol Nuur"
"2087","Finland:Aland"
"2088","Fiji:Kanacea"
"2089","Yugoslavia:Otok Pag"
"2090","USSR:Lena Delta:1"
"2091","Myanmar:Lanbi Kyun"
"2092","Papua New Guinea:Lihir"
"2093","Brazil:Ilha Janaucu"
"2094","USSR:Onezhskoy Ozero"
"2095","Martinique"
"2096","New Zealand:Codfish Island"
"2097","Irian Jaya:Komoran"
"2098","Yugoslavia:Otok Dugi"
"2099","Australia:Hinchinbrook Island"
"2100","Norway:Karmoy"
"2101","Canada:South Aulatsivik Island"
"2102","Papua New Guinea:Ambitle"
"2103","Bahamas:Andros Island:Middle Bight"
"2104","Solomon Islands:Guadalcanal"
"2105","Brazil:Saint Paul Rock"
"2106","Vanuatu:Mota Lava"
"2107","Myanmar:Atet Bok Island"
"2108","Yugoslavia:Otok Vis"
"2109","Maldives:?"
"2110","Tonga:Vava'u"
"2111","USA:Texas:Matagorda"
"2112","Micronesia:Pisaras"
"2113","USSR:Ostrov Bol'shoy Lyakhovskiy"
"2114","USSR:?"
"2115","Hawaii:Necker Island"
"2116","Myanmar:Sir Robert Campbell Island"
"2117","Maldives:?"
"2118","Thailand:Ko Kut"
"2119","Mauritius:Agalega Island"
"2120","Canada:Richardson Island"
"2121","Maldives:?"
"2122","France:Ile d'Ouessant"
"2123","USSR:Ostrov Salisbury"
"2124","French Polynesia:?"
"2125","Philippines:Lusong"
"2126","France:Ile de Mayotte"
"2127","UK:Gough Island"
"2128","Solomon Islands:Savo"
"2129","Turkey:Gokceada"
"2130","Greenland:Disko Island"
"2131","Belize:Turneffe Island"
"2132","Myanmar:Maingy Island"
"2133","USA:Peleliu"
"2134","Indonesia:Musala"
"2135","USA:Alaska:Prince of Wales Island"
"2136","Panama:Isla Bastimentos"
"2137","Greece:Kithnos"
"2138","Marshall Islands:Kwajalein"
"2139","Vanuatu:Aore"
"2140","Myanmar:Auk Bok Island"
"2141","UK:Scotland:Orkney Islands:Mainland"
"2142","Tonga:'Eua"
"2143","Japan:Okino Erabu Shima"
"2144","USA:Alaska:Revillagigedo Island"
"2145","Canada:Bathurst Island"
"2146","South Sandwich Islands:Montagu Island"
"2147","Colombia:Isla de Providencia"
"2148","Panama:Isla Colon"
"2149","Kiribati:Enderbury Island"
"2150","China:Niutou Shan"
"2151","Australia:Southwest Island"
"2152","Maldives:?"
"2153","Isle of Wight"
"2154","Guinea-Bissau:?"
"2155","USSR:Ostrov Mezhdusharskiy"
"2156","Myanmar:Kau-Ye Kyun"
"2157","French Polynesia:Hiva Oa"
"2158","USA:Texas:Padre Island"
"2159","Myanmar:Collies Island"
"2160","Guinea-Bissau:?"
"2161","Guinea-Bissau:?"
"2162","Mexico:Isla Maria Madre"
"2163","USSR:Ostrov Paramushir"
"2164","Greenland:?"
"2165","Fiji:Rotuma"
"2166","Canada:Grand Manan Island"
"2167","Chile:Isla Little Wellington"
"2168","Canada:Herschel Island"
"2169","Germany:Busingen"
"2170","Greenland:?"
"2171","China:Xiamen"
"2172","Papua New Guinea:Purutu"
"2173","USA:Alaska:Yakobi Island"
"2174","Myanmar:Kadan Kyun"
"2175","Malaysia:Labuan"
"2176","Papua New Guinea:Woodlark"
"2177","Canada:?"
"2178","Honduras:Isle de Roatan"
"2179","Chile:Isla Campana"
"2180","Japan:Amami O Shima"
"2181","France:Futuna"
"2182","Ecuador:Isla San Cristobal"
"2183","Sweden:Faro"
"2184","USA:Urukthapel"
"2185","Guinea-Bissau:Orango"
"2186","Japan:Tori Shima"
"2187","Thailand:Ko Rawi"
"2188","Japan:Awaji Shima"
"2189","Canada:Cameron Island"
"2190","Antarctica:Greenwich Island"
"2191","Philippines:Dinagat"
"2192","Greenland:Ymer O"
"2193","USA:Alaska:Amlia Island"
"2194","New Zealand:Great Island"
"2195","Chile:Isla Pratt"
"2196","Greenland:?"
"2197","Australia:Townshend Island"
"2198","Indonesia:Mendol"
"2199","Bahamas:Andros Island:Southern Bight"
"2200","Solomon Islands:Ulawa"
"2201","Greece:Lesvos"
"2202","Australia:Bathurst Island"
"2203","Chile:Isla Traiguen"
"2204","Comoros:Anjouan"
"2205","Indonesia:Bela"
"2206","French Polynesia:Tetiaroa"
"2207","Nicaragua:Lago de Managua"
"2208","Sri Lanka:Manar"
"2209","USSR:Ostrov Komsomolets"
"2210","Chile:Isla Isquiliac"
"2211","Cambodia:Koh Kong"
"2212","USSR:Ostrov Rudolfa"
"2213","Papua New Guinea:New Ireland"
"2214","Cambodia:Tonle Sap"
"2215","Spain:Llivia"
"2216","Greenland:Taasiilaq"
"2217","Tokelau:Atafu"
"2218","Canada:Hepburn Island"
"2219","Ecuador:Isla Puna"
"2220","Malaysia:Singapore"
"2221","South Korea:?"
"2222","Antarctica:?"
"2223","India:Chetlat Island"
"2224","Japan:O Shima"
"2225","Indonesia:Airabu"
"2226","Greenland:?"
"2227","New Caledonia:Ile Balabio"
"2228","Saint-Martin"
"2229","Myanmar:Lord Loughborough Island"
"2230","Antarctica:?"
"2231","USSR:Lena Delta:3"
"2232","Maldives:?"
"2233","Canada:Stefansson Island"
"2234","Indonesia:Semau"
"2235","Vanuatu:Erromango"
"2236","Canada:Helena Island"
"2237","Kiribati:Christmas Island"
"2238","Venezuela:Isla Coche"
"2239","Antarctica:Lazarev"
"2240","Curacao"
"2241","USSR:Lena Delta:2"
"2242","Greenland:?"
"2243","Yemen:Abd al Kurl"
"2244","Canada:North Kent Island"
"2245","Greenland:Herbert O"
"2246","China:Taiwan"
"2247","New Zealand:Pitt Island"
"2248","Canada:Random Island"
"2249","Canada:Gilford Island"
"2250","Papua New Guinea:New Hanover"
"2251","Australia:Cocos Islands:West Island"
"2252","Brazil:?"
"2253","French Polynesia:Taiaro"
"2254","Solomon Islands:Taumako Island"
"2255","USSR:?"
"2256","French Polynesia:Marotiri"
"2257","India:Androth Island"
"2258","Mozambique:Ilha da Inhaca"
"2259","Myanmar:Thayawthadangyi Kyun"
"2260","Canada:McCauley Island"
"2261","Indonesia:Kundur"
"2262","Solomon Islands:Treasures Island"
"2263","USSR:Ostrov Vaygach"
"2264","Canada:Nordenskiold Island"
"2265","Maldives:?"
"2266","Chile:Isla Esmeralda"
"2267","Bangladesh:?"
"2268","Vanuatu:Malo"
"2269","Honduras:Isla de Utila"
"2270","USA:Alaska:Umnak Island"
"2271","Norway:Vikna"
"2272","Canada:Mansel Island"
"2273","Australia:King Island"
"2274","USSR:Ostrov Hooker"
"2275","Chile:Isla Kent"
"2276","Papua New Guinea:Kiwai"
"2277","Canada:Royal Geographical Society Island:West"
"2278","Thailand:Ko Si Chang"
"2279","Chile:Isla Merino Jarpa"
"2280","Canada:Coburg Island"
"2281","USA:Alaska:Baranof Island"
"2282","Greenland:?"
"2283","Myanmar:Preparis Island"
"2284","Philippines:Leyte"
